{
	"name": "Список событий 1",
	"events": [
		{
			"eventType": "block",
			"conditions": [
				{
					"id": "on-created",
					"objectClass": "Спрайт5",
					"sid": 267821671887696
				}
			],
			"actions": [
				{
					"id": "set-enabled",
					"objectClass": "Спрайт5",
					"sid": 139763495090266,
					"behaviorType": "НастраиваемоеДвижение",
					"parameters": {
						"state": "enabled"
					}
				},
				{
					"id": "set-enabled",
					"objectClass": "Спрайт5",
					"sid": 719498001053762,
					"behaviorType": "ДвижениеК",
					"parameters": {
						"enabled": true
					}
				},
				{
					"id": "move-to-object",
					"objectClass": "Спрайт5",
					"sid": 946383694147134,
					"behaviorType": "ДвижениеК",
					"parameters": {
						"object": "Спрайт4",
						"image-point": "0",
						"mode": "direct"
					}
				}
			],
			"sid": 772420560146446
		},
		{
			"eventType": "block",
			"conditions": [
				{
					"id": "on-created",
					"objectClass": "Спрайт6",
					"sid": 544344411862767
				}
			],
			"actions": [
				{
					"id": "push-out-solid",
					"objectClass": "Спрайт6",
					"sid": 575179447436323,
					"behaviorType": "НастраиваемоеДвижение",
					"parameters": {
						"direction": "right"
					}
				}
			],
			"sid": 929915763581133
		},
		{
			"eventType": "block",
			"conditions": [
				{
					"id": "on-object-clicked",
					"objectClass": "Мышь",
					"sid": 196184848785265,
					"parameters": {
						"mouse-button": "left",
						"click-type": "clicked",
						"object-clicked": "Б10"
					}
				}
			],
			"actions": [
				{
					"id": "spawn-another-object",
					"objectClass": "Спрайт",
					"sid": 611828180634550,
					"parameters": {
						"object": "Спрайт5",
						"layer": "0",
						"image-point": "0",
						"create-hierarchy": false
					}
				}
			],
			"sid": 978006467155200
		},
		{
			"eventType": "block",
			"conditions": [
				{
					"id": "on-object-clicked",
					"objectClass": "Мышь",
					"sid": 111249600503044,
					"parameters": {
						"mouse-button": "left",
						"click-type": "clicked",
						"object-clicked": "Б20"
					}
				}
			],
			"actions": [
				{
					"id": "spawn-another-object",
					"objectClass": "Спрайт",
					"sid": 467170985104778,
					"parameters": {
						"object": "Спрайт6",
						"layer": "0",
						"image-point": "0",
						"create-hierarchy": false
					}
				}
			],
			"sid": 855773459951511
		},
		{
			"eventType": "block",
			"conditions": [],
			"actions": [],
			"sid": 975933752540920
		},
		{
			"eventType": "block",
			"conditions": [
				{
					"id": "on-collision-with-another-object",
					"objectClass": "Спрайт5",
					"sid": 507441755688541,
					"parameters": {
						"object": "Спрайт4"
					}
				}
			],
			"actions": [
				{
					"id": "destroy",
					"objectClass": "Спрайт4",
					"sid": 668907921748529
				}
			],
			"sid": 781289373276167
		},
		{
			"eventType": "block",
			"conditions": [
				{
					"id": "on-created",
					"objectClass": "Спрайт6",
					"sid": 111067378847565
				}
			],
			"actions": [
				{
					"id": "set-enabled",
					"objectClass": "Спрайт6",
					"sid": 175559893467716,
					"behaviorType": "НастраиваемоеДвижение",
					"parameters": {
						"state": "enabled"
					}
				},
				{
					"id": "set-enabled",
					"objectClass": "Спрайт6",
					"sid": 653269223932073,
					"behaviorType": "ДвижениеК",
					"parameters": {
						"enabled": true
					}
				},
				{
					"id": "move-to-object",
					"objectClass": "Спрайт6",
					"sid": 931716760380183,
					"behaviorType": "ДвижениеК",
					"parameters": {
						"object": "Спрайт4",
						"image-point": "0",
						"mode": "direct"
					}
				}
			],
			"sid": 446824073730520
		},
		{
			"eventType": "block",
			"conditions": [
				{
					"id": "on-collision-with-another-object",
					"objectClass": "Спрайт5",
					"sid": 752233443092204,
					"parameters": {
						"object": "Спрайт8"
					}
				}
			],
			"actions": [
				{
					"id": "destroy",
					"objectClass": "Спрайт8",
					"sid": 494790651932080
				},
				{
					"id": "destroy",
					"objectClass": "Спрайт5",
					"sid": 326311184636237
				}
			],
			"sid": 332563723098932
		},
		{
			"eventType": "block",
			"conditions": [
				{
					"id": "on-collision-with-another-object",
					"objectClass": "Спрайт6",
					"sid": 293065281142945,
					"parameters": {
						"object": "Спрайт8"
					}
				}
			],
			"actions": [
				{
					"id": "destroy",
					"objectClass": "Спрайт8",
					"sid": 664279997010528
				}
			],
			"sid": 379992152486012
		},
		{
			"eventType": "block",
			"conditions": [
				{
					"id": "on-collision-with-another-object",
					"objectClass": "Спрайт6",
					"sid": 937368707957924,
					"parameters": {
						"object": "Спрайт9"
					}
				}
			],
			"actions": [
				{
					"id": "destroy",
					"objectClass": "Спрайт6",
					"sid": 207114678446070
				},
				{
					"id": "destroy",
					"objectClass": "Спрайт9",
					"sid": 995115832946301
				}
			],
			"sid": 279311456813377
		},
		{
			"eventType": "block",
			"conditions": [
				{
					"id": "on-collision-with-another-object",
					"objectClass": "Спрайт5",
					"sid": 716872262417206,
					"parameters": {
						"object": "Спрайт9"
					}
				}
			],
			"actions": [
				{
					"id": "destroy",
					"objectClass": "Спрайт5",
					"sid": 763751386208083
				}
			],
			"sid": 641144796636017
		},
		{
			"eventType": "block",
			"conditions": [
				{
					"id": "every-x-seconds",
					"objectClass": "System",
					"sid": 836935498403131,
					"parameters": {
						"interval-seconds": "1.0"
					}
				}
			],
			"actions": [
				{
					"id": "spawn-another-object",
					"objectClass": "Спрайт4",
					"sid": 275244542421935,
					"parameters": {
						"object": "Спрайт8",
						"layer": "0",
						"image-point": "0",
						"create-hierarchy": false
					}
				}
			],
			"sid": 365629926155387
		},
		{
			"eventType": "block",
			"conditions": [
				{
					"id": "on-created",
					"objectClass": "Спрайт8",
					"sid": 547440498365710
				}
			],
			"actions": [
				{
					"id": "set-enabled",
					"objectClass": "Спрайт8",
					"sid": 451462705392844,
					"behaviorType": "ДвижениеК",
					"parameters": {
						"enabled": true
					}
				},
				{
					"id": "move-to-object",
					"objectClass": "Спрайт8",
					"sid": 922258700916811,
					"behaviorType": "ДвижениеК",
					"parameters": {
						"object": "Спрайт",
						"image-point": "0",
						"mode": "direct"
					}
				}
			],
			"sid": 256881822496216
		},
		{
			"eventType": "block",
			"conditions": [
				{
					"id": "on-created",
					"objectClass": "Спрайт9",
					"sid": 813470670430859
				}
			],
			"actions": [
				{
					"id": "set-enabled",
					"objectClass": "Спрайт9",
					"sid": 759493816461567,
					"behaviorType": "ДвижениеК",
					"parameters": {
						"enabled": true
					}
				},
				{
					"id": "move-to-object",
					"objectClass": "Спрайт9",
					"sid": 121698277105648,
					"behaviorType": "ДвижениеК",
					"parameters": {
						"object": "Спрайт",
						"image-point": "0",
						"mode": "direct"
					}
				}
			],
			"sid": 926331674151835
		},
		{
			"eventType": "block",
			"conditions": [
				{
					"id": "on-collision-with-another-object",
					"objectClass": "Спрайт6",
					"sid": 900040003454691,
					"parameters": {
						"object": "Спрайт4"
					}
				}
			],
			"actions": [
				{
					"id": "destroy",
					"objectClass": "Спрайт4",
					"sid": 978936844027064
				}
			],
			"sid": 809879093684480
		},
		{
			"eventType": "block",
			"conditions": [
				{
					"id": "on-destroyed",
					"objectClass": "Спрайт4",
					"sid": 194017133163435
				}
			],
			"actions": [
				{
					"id": "restart-layout",
					"objectClass": "System",
					"sid": 791942916077899
				},
				{
					"id": "create-object",
					"objectClass": "System",
					"sid": 959366853381123,
					"parameters": {
						"object-to-create": "Текст2",
						"layer": "0",
						"x": "0",
						"y": "0",
						"create-hierarchy": false,
						"template-name": "\"\""
					}
				}
			],
			"sid": 271371346019398
		},
		{
			"eventType": "block",
			"conditions": [
				{
					"id": "on-collision-with-another-object",
					"objectClass": "Спрайт9",
					"sid": 231835352377808,
					"parameters": {
						"object": "Спрайт"
					}
				}
			],
			"actions": [
				{
					"id": "destroy",
					"objectClass": "Спрайт",
					"sid": 669748721724314
				}
			],
			"sid": 543024043149746
		},
		{
			"eventType": "block",
			"conditions": [
				{
					"id": "on-collision-with-another-object",
					"objectClass": "Спрайт8",
					"sid": 645987703655486,
					"parameters": {
						"object": "Спрайт"
					}
				}
			],
			"actions": [
				{
					"id": "destroy",
					"objectClass": "Спрайт",
					"sid": 446779660067021
				}
			],
			"sid": 384165703806040
		},
		{
			"eventType": "block",
			"conditions": [
				{
					"id": "on-destroyed",
					"objectClass": "Спрайт4",
					"sid": 665336928361602
				}
			],
			"actions": [
				{
					"id": "restart-layout",
					"objectClass": "System",
					"sid": 452740237523778
				}
			],
			"sid": 263687723312542
		},
		{
			"eventType": "block",
			"conditions": [
				{
					"id": "every-x-seconds",
					"objectClass": "System",
					"sid": 403299054362130,
					"parameters": {
						"interval-seconds": "3.0"
					}
				}
			],
			"actions": [
				{
					"id": "spawn-another-object",
					"objectClass": "Спрайт4",
					"sid": 323909008226110,
					"parameters": {
						"object": "Спрайт9",
						"layer": "0",
						"image-point": "0",
						"create-hierarchy": false
					}
				}
			],
			"sid": 173254822827275
		},
		{
			"eventType": "block",
			"conditions": [
				{
					"id": "on-destroyed",
					"objectClass": "Спрайт",
					"sid": 289478469317479
				}
			],
			"actions": [
				{
					"id": "restart-layout",
					"objectClass": "System",
					"sid": 860367746642266
				}
			],
			"sid": 288520999498612
		}
	],
	"sid": 140443449089900
}