{"propertiesBar":{"properties":[{"name":"Макет","expanded":true,"children":[{"name":"Размер","expanded":false,"children":[]},{"name":"Точка схода","expanded":false,"children":[]}]},{"name":"Эффекты","expanded":true,"children":[]},{"name":"Редактор","expanded":true,"children":[{"name":"Граница экрана","expanded":false,"children":[]},{"name":"Размер сетки","expanded":false,"children":[]},{"name":"Смещение сетки","expanded":false,"children":[]}]}],"scrollPosition":0},"layersBar":{"name":"<root>","children":[{"name":"Слой 0","expanded":true,"children":[]}]},"grid":{"show":false,"snap":false,"width":32,"height":32,"offsetX":0,"offsetY":0},"marginWidth":1000,"marginHeight":1000,"showCollisionPolygons":false,"showMeshes":false,"showTranslucentInactiveLayers":false,"showSceneGraphConnections":true,"tabColor":[0.9999999999999999,0.95,0.8000000000000002,1],"tabTextColor":null,"layers":[{"name":"Слой 0","propertiesBar":{},"visibleInEditor":true,"locked":false,"parallaxInEditor":false,"opacity":1,"translucent":false}],"view":{"x":627.5,"y":229.5,"z":100,"activeLayer":"Слой 0"},"selectedInstances":[15],"lockedInstances":[],"instanceCollections":[{"uids":[4],"properties":{"properties":[{"name":"Свойства типа объекта","expanded":true,"children":[]},{"name":"Общий","expanded":true,"children":[{"name":"Позиция","expanded":false,"children":[]},{"name":"Размер","expanded":false,"children":[]}]},{"name":"Переменные экземпляра","expanded":true,"children":[]},{"name":"Поведения","expanded":true,"children":[]},{"name":"Эффекты","expanded":true,"children":[]},{"name":"Контейнер","expanded":true,"children":[]},{"name":"Шаблоны","expanded":true,"children":[]},{"name":"Свойства","expanded":true,"children":[]}],"scrollPosition":0}},{"uids":[4],"properties":{"properties":[{"name":"Свойства типа объекта","expanded":true,"children":[]},{"name":"Общий","expanded":true,"children":[{"name":"Позиция","expanded":false,"children":[]},{"name":"Размер","expanded":false,"children":[]}]},{"name":"Переменные экземпляра","expanded":true,"children":[]},{"name":"Поведения","expanded":true,"children":[]},{"name":"Эффекты","expanded":true,"children":[]},{"name":"Контейнер","expanded":true,"children":[]},{"name":"Шаблоны","expanded":true,"children":[]},{"name":"Свойства","expanded":true,"children":[]}],"scrollPosition":0}},{"uids":[9],"properties":{"properties":[{"name":"Свойства типа объекта","expanded":true,"children":[]},{"name":"Общий","expanded":true,"children":[{"name":"Позиция","expanded":false,"children":[]},{"name":"Размер","expanded":false,"children":[]}]},{"name":"Переменные экземпляра","expanded":true,"children":[]},{"name":"Поведения","expanded":true,"children":[]},{"name":"Эффекты","expanded":true,"children":[]},{"name":"Контейнер","expanded":true,"children":[]},{"name":"Шаблоны","expanded":true,"children":[]},{"name":"Свойства","expanded":true,"children":[]}],"scrollPosition":0}},{"uids":[3],"properties":{"properties":[{"name":"Свойства типа объекта","expanded":true,"children":[]},{"name":"Общий","expanded":true,"children":[{"name":"Позиция","expanded":false,"children":[]},{"name":"Размер","expanded":false,"children":[]}]},{"name":"Переменные экземпляра","expanded":true,"children":[]},{"name":"Поведения","expanded":true,"children":[{"name":"СледитьЗа","expanded":true,"children":[]}]},{"name":"Эффекты","expanded":true,"children":[]},{"name":"Контейнер","expanded":true,"children":[]},{"name":"Шаблоны","expanded":true,"children":[]},{"name":"Свойства","expanded":true,"children":[]}],"scrollPosition":0}},{"uids":[11],"properties":{"properties":[{"name":"Свойства типа объекта","expanded":true,"children":[]},{"name":"Общий","expanded":true,"children":[{"name":"Позиция","expanded":false,"children":[]},{"name":"Размер","expanded":false,"children":[]}]},{"name":"Переменные экземпляра","expanded":true,"children":[]},{"name":"Поведения","expanded":true,"children":[]},{"name":"Эффекты","expanded":true,"children":[]},{"name":"Контейнер","expanded":true,"children":[]},{"name":"Шаблоны","expanded":true,"children":[]},{"name":"Свойства","expanded":true,"children":[]}],"scrollPosition":0}},{"uids":[2],"properties":{"properties":[{"name":"Свойства типа объекта","expanded":true,"children":[]},{"name":"Общий","expanded":true,"children":[{"name":"Позиция","expanded":false,"children":[]},{"name":"Размер","expanded":false,"children":[]}]},{"name":"Переменные экземпляра","expanded":true,"children":[]},{"name":"Поведения","expanded":true,"children":[{"name":"Тень","expanded":true,"children":[]}]},{"name":"Эффекты","expanded":true,"children":[]},{"name":"Контейнер","expanded":true,"children":[]},{"name":"Шаблоны","expanded":true,"children":[]},{"name":"Свойства","expanded":true,"children":[]}],"scrollPosition":0}},{"uids":[6],"properties":{"properties":[{"name":"Свойства типа объекта","expanded":true,"children":[]},{"name":"Общий","expanded":true,"children":[{"name":"Позиция","expanded":false,"children":[]},{"name":"Размер","expanded":false,"children":[]}]},{"name":"Переменные экземпляра","expanded":true,"children":[]},{"name":"Поведения","expanded":true,"children":[]},{"name":"Эффекты","expanded":true,"children":[]},{"name":"Контейнер","expanded":true,"children":[]},{"name":"Шаблоны","expanded":true,"children":[]},{"name":"Свойства","expanded":true,"children":[]}],"scrollPosition":0}},{"uids":[8],"properties":{"properties":[{"name":"Свойства типа объекта","expanded":true,"children":[]},{"name":"Общий","expanded":true,"children":[{"name":"Позиция","expanded":false,"children":[]},{"name":"Размер","expanded":false,"children":[]}]},{"name":"Переменные экземпляра","expanded":true,"children":[]},{"name":"Поведения","expanded":true,"children":[]},{"name":"Эффекты","expanded":true,"children":[]},{"name":"Контейнер","expanded":true,"children":[]},{"name":"Шаблоны","expanded":true,"children":[]},{"name":"Свойства","expanded":true,"children":[]}],"scrollPosition":0}},{"uids":[7],"properties":{"properties":[{"name":"Свойства типа объекта","expanded":true,"children":[]},{"name":"Общий","expanded":true,"children":[{"name":"Позиция","expanded":false,"children":[]},{"name":"Размер","expanded":false,"children":[]}]},{"name":"Переменные экземпляра","expanded":true,"children":[]},{"name":"Поведения","expanded":true,"children":[{"name":"НастраиваемоеДвижение","expanded":true,"children":[]},{"name":"ДвижениеК","expanded":true,"children":[]}]},{"name":"Эффекты","expanded":true,"children":[]},{"name":"Контейнер","expanded":true,"children":[]},{"name":"Шаблоны","expanded":true,"children":[]},{"name":"Свойства","expanded":true,"children":[]}],"scrollPosition":0}},{"uids":[7],"properties":{"properties":[{"name":"Свойства типа объекта","expanded":true,"children":[]},{"name":"Общий","expanded":true,"children":[{"name":"Позиция","expanded":false,"children":[]},{"name":"Размер","expanded":false,"children":[]}]},{"name":"Переменные экземпляра","expanded":true,"children":[]},{"name":"Поведения","expanded":true,"children":[{"name":"НастраиваемоеДвижение","expanded":true,"children":[]},{"name":"ДвижениеК","expanded":true,"children":[]}]},{"name":"Эффекты","expanded":true,"children":[]},{"name":"Контейнер","expanded":true,"children":[]},{"name":"Шаблоны","expanded":true,"children":[]},{"name":"Свойства","expanded":true,"children":[]}],"scrollPosition":0}},{"uids":[12],"properties":{"properties":[{"name":"Свойства типа объекта","expanded":true,"children":[]},{"name":"Общий","expanded":true,"children":[{"name":"Позиция","expanded":false,"children":[]},{"name":"Размер","expanded":false,"children":[]}]},{"name":"Переменные экземпляра","expanded":true,"children":[]},{"name":"Поведения","expanded":true,"children":[{"name":"НастраиваемоеДвижение","expanded":true,"children":[]},{"name":"ДвижениеК","expanded":true,"children":[]}]},{"name":"Эффекты","expanded":true,"children":[]},{"name":"Контейнер","expanded":true,"children":[]},{"name":"Шаблоны","expanded":true,"children":[]},{"name":"Свойства","expanded":true,"children":[]}],"scrollPosition":0}},{"uids":[13],"properties":{"properties":[{"name":"Свойства типа объекта","expanded":true,"children":[]},{"name":"Общий","expanded":true,"children":[{"name":"Позиция","expanded":false,"children":[]},{"name":"Размер","expanded":false,"children":[]}]},{"name":"Переменные экземпляра","expanded":true,"children":[]},{"name":"Поведения","expanded":true,"children":[{"name":"ДвижениеК","expanded":true,"children":[]}]},{"name":"Эффекты","expanded":true,"children":[]},{"name":"Контейнер","expanded":true,"children":[]},{"name":"Шаблоны","expanded":true,"children":[]},{"name":"Свойства","expanded":true,"children":[]}],"scrollPosition":0}},{"uids":[14],"properties":{"properties":[{"name":"Свойства типа объекта","expanded":true,"children":[]},{"name":"Общий","expanded":true,"children":[{"name":"Позиция","expanded":false,"children":[]},{"name":"Размер","expanded":false,"children":[]}]},{"name":"Переменные экземпляра","expanded":true,"children":[]},{"name":"Поведения","expanded":true,"children":[]},{"name":"Эффекты","expanded":true,"children":[]},{"name":"Контейнер","expanded":true,"children":[]},{"name":"Шаблоны","expanded":true,"children":[]},{"name":"Свойства","expanded":true,"children":[]}],"scrollPosition":0}},{"uids":[5],"properties":{"properties":[{"name":"Свойства типа объекта","expanded":true,"children":[]},{"name":"Общий","expanded":true,"children":[{"name":"Позиция","expanded":false,"children":[]},{"name":"Размер","expanded":false,"children":[]}]},{"name":"Переменные экземпляра","expanded":true,"children":[]},{"name":"Поведения","expanded":true,"children":[{"name":"НастраиваемоеДвижение","expanded":true,"children":[]},{"name":"ДвижениеК","expanded":true,"children":[]}]},{"name":"Эффекты","expanded":true,"children":[]},{"name":"Контейнер","expanded":true,"children":[]},{"name":"Шаблоны","expanded":true,"children":[]},{"name":"Свойства","expanded":true,"children":[]}],"scrollPosition":0}},{"uids":[5],"properties":{"properties":[{"name":"Свойства типа объекта","expanded":true,"children":[]},{"name":"Общий","expanded":true,"children":[{"name":"Позиция","expanded":false,"children":[]},{"name":"Размер","expanded":false,"children":[]}]},{"name":"Переменные экземпляра","expanded":true,"children":[]},{"name":"Поведения","expanded":true,"children":[{"name":"НастраиваемоеДвижение","expanded":true,"children":[]},{"name":"ДвижениеК","expanded":true,"children":[]}]},{"name":"Эффекты","expanded":true,"children":[]},{"name":"Контейнер","expanded":true,"children":[]},{"name":"Шаблоны","expanded":true,"children":[]},{"name":"Свойства","expanded":true,"children":[]}],"scrollPosition":0}},{"uids":[15],"properties":{"properties":[{"name":"Свойства типа объекта","expanded":true,"children":[]},{"name":"Общий","expanded":true,"children":[{"name":"Позиция","expanded":false,"children":[]},{"name":"Размер","expanded":false,"children":[]}]},{"name":"Переменные экземпляра","expanded":true,"children":[]},{"name":"Поведения","expanded":true,"children":[]},{"name":"Эффекты","expanded":true,"children":[]},{"name":"Контейнер","expanded":true,"children":[]},{"name":"Шаблоны","expanded":true,"children":[]},{"name":"Свойства","expanded":true,"children":[]}],"scrollPosition":0}}]}