{
	"name": "Макет 1",
	"layers": [
		{
			"name": "Слой 0",
			"overriden": 0,
			"subLayers": [],
			"instances": [
				{
					"type": "Спрайт",
					"properties": {
						"initially-visible": true,
						"initial-animation": "Animation 1",
						"initial-frame": 0,
						"enable-collisions": true,
						"live-preview": false
					},
					"uid": 2,
					"instanceVariables": {},
					"behaviors": {
						"Тень": {
							"properties": {
								"height": 100,
								"tag": "",
								"enabled": true
							}
						}
					},
					"world": {
						"x": 178.5,
						"y": 162,
						"width": 277,
						"height": 226,
						"originX": 0.5,
						"originY": 0.5,
						"color": [
							1,
							1,
							1,
							1
						],
						"angle": 0,
						"zElevation": 0
					}
				},
				{
					"type": "Спрайт2",
					"properties": {
						"initially-visible": true,
						"initial-animation": "Animation 1",
						"initial-frame": 0,
						"enable-collisions": true,
						"live-preview": false
					},
					"uid": 3,
					"instanceVariables": {},
					"behaviors": {
						"СледитьЗа": {
							"properties": {
								"enabled": true
							}
						}
					},
					"world": {
						"x": 568,
						"y": 153,
						"width": 250,
						"height": 408,
						"originX": 0.5,
						"originY": 0.5,
						"color": [
							1,
							1,
							1,
							1
						],
						"angle": 0,
						"zElevation": 0
					}
				},
				{
					"type": "Спрайт4",
					"properties": {
						"initially-visible": true,
						"initial-animation": "Animation 1",
						"initial-frame": 0,
						"enable-collisions": true,
						"live-preview": false
					},
					"uid": 4,
					"instanceVariables": {},
					"behaviors": {},
					"world": {
						"x": 1830,
						"y": 172,
						"width": 276.0312127542772,
						"height": 203.98465679614236,
						"originX": 0.5,
						"originY": 0.5,
						"color": [
							1,
							1,
							1,
							1
						],
						"angle": 0.005195401052527294,
						"zElevation": 0
					}
				},
				{
					"type": "Б10",
					"properties": {
						"initially-visible": true,
						"initial-animation": "Animation 1",
						"initial-frame": 0,
						"enable-collisions": true,
						"live-preview": false
					},
					"uid": 6,
					"instanceVariables": {},
					"behaviors": {},
					"world": {
						"x": 399,
						"y": 254,
						"width": 174,
						"height": 164,
						"originX": 0.5,
						"originY": 0.5,
						"color": [
							1,
							1,
							1,
							1
						],
						"angle": 0,
						"zElevation": 0
					}
				},
				{
					"type": "Б20",
					"properties": {
						"initially-visible": true,
						"initial-animation": "Animation 1",
						"initial-frame": 0,
						"enable-collisions": true,
						"live-preview": false
					},
					"uid": 8,
					"instanceVariables": {},
					"behaviors": {},
					"world": {
						"x": 589,
						"y": 268,
						"width": 195,
						"height": 171,
						"originX": 0.5,
						"originY": 0.5,
						"color": [
							1,
							1,
							1,
							1
						],
						"angle": 0,
						"zElevation": 0
					}
				},
				{
					"type": "Спрайт7",
					"properties": {
						"initially-visible": true,
						"initial-animation": "Animation 1",
						"initial-frame": 0,
						"enable-collisions": true,
						"live-preview": false
					},
					"uid": 9,
					"instanceVariables": {},
					"behaviors": {},
					"world": {
						"x": 511,
						"y": -81,
						"width": 173,
						"height": 75,
						"originX": 0.5,
						"originY": 0.5,
						"color": [
							1,
							1,
							1,
							1
						],
						"angle": 0,
						"zElevation": 0
					}
				},
				{
					"type": "Текст",
					"properties": {
						"text": "кость : 0",
						"enable-bbcode": true,
						"font": "Arial",
						"size": 12,
						"line-height": 0,
						"bold": false,
						"italic": false,
						"color": [
							0,
							0,
							0,
							1
						],
						"horizontal-alignment": "left",
						"vertical-alignment": "top",
						"wrapping": "word",
						"initially-visible": true,
						"origin": "top-left"
					},
					"uid": 11,
					"instanceVariables": {},
					"behaviors": {},
					"world": {
						"x": 152,
						"y": -62,
						"width": 200,
						"height": 30,
						"originX": 0,
						"originY": 0,
						"color": [
							1,
							1,
							1,
							1
						],
						"angle": 0,
						"zElevation": 0
					}
				},
				{
					"type": "Спрайт8",
					"properties": {
						"initially-visible": true,
						"initial-animation": "Animation 1",
						"initial-frame": 0,
						"enable-collisions": true,
						"live-preview": false
					},
					"uid": 12,
					"instanceVariables": {},
					"behaviors": {
						"НастраиваемоеДвижение": {
							"properties": {
								"stepping-mode": "none",
								"pixels-per-step": 5,
								"enabled": true
							}
						},
						"ДвижениеК": {
							"properties": {
								"max-speed": 200,
								"acceleration": 600,
								"deceleration": 600,
								"rotate-speed": 0,
								"set-angle": true,
								"stop-on-solids": false,
								"enabled": true
							}
						}
					},
					"world": {
						"x": 1692,
						"y": 150,
						"width": 233,
						"height": 219,
						"originX": 0.5,
						"originY": 0.5,
						"color": [
							1,
							1,
							1,
							1
						],
						"angle": 0,
						"zElevation": 0
					}
				},
				{
					"type": "Спрайт5",
					"properties": {
						"initially-visible": true,
						"initial-animation": "Animation 1",
						"initial-frame": 0,
						"enable-collisions": true,
						"live-preview": false
					},
					"uid": 5,
					"instanceVariables": {},
					"behaviors": {
						"НастраиваемоеДвижение": {
							"properties": {
								"stepping-mode": "none",
								"pixels-per-step": 5,
								"enabled": true
							}
						},
						"ДвижениеК": {
							"properties": {
								"max-speed": 200,
								"acceleration": 600,
								"deceleration": 600,
								"rotate-speed": 0,
								"set-angle": true,
								"stop-on-solids": false,
								"enabled": true
							}
						}
					},
					"world": {
						"x": 244,
						"y": 154,
						"width": 174,
						"height": 173,
						"originX": 0.5,
						"originY": 0.5,
						"color": [
							1,
							1,
							1,
							1
						],
						"angle": 0,
						"zElevation": 0
					}
				},
				{
					"type": "Спрайт6",
					"properties": {
						"initially-visible": true,
						"initial-animation": "Animation 1",
						"initial-frame": 0,
						"enable-collisions": true,
						"live-preview": false
					},
					"uid": 7,
					"instanceVariables": {},
					"behaviors": {
						"НастраиваемоеДвижение": {
							"properties": {
								"stepping-mode": "none",
								"pixels-per-step": 5,
								"enabled": true
							}
						},
						"ДвижениеК": {
							"properties": {
								"max-speed": 200,
								"acceleration": 600,
								"deceleration": 600,
								"rotate-speed": 0,
								"set-angle": true,
								"stop-on-solids": false,
								"enabled": true
							}
						}
					},
					"world": {
						"x": 166,
						"y": 155,
						"width": 127,
						"height": 225,
						"originX": 0.5,
						"originY": 0.5,
						"color": [
							1,
							1,
							1,
							1
						],
						"angle": 0,
						"zElevation": 0
					}
				},
				{
					"type": "Спрайт9",
					"properties": {
						"initially-visible": true,
						"initial-animation": "Animation 1",
						"initial-frame": 0,
						"enable-collisions": true,
						"live-preview": false
					},
					"uid": 13,
					"instanceVariables": {},
					"behaviors": {
						"ДвижениеК": {
							"properties": {
								"max-speed": 200,
								"acceleration": 600,
								"deceleration": 600,
								"rotate-speed": 0,
								"set-angle": true,
								"stop-on-solids": false,
								"enabled": true
							}
						}
					},
					"world": {
						"x": 1991,
						"y": 171,
						"width": 224,
						"height": 187.00000000000003,
						"originX": 0.5,
						"originY": 0.5,
						"color": [
							1,
							1,
							1,
							1
						],
						"angle": 0,
						"zElevation": 0
					}
				},
				{
					"type": "Текст2",
					"properties": {
						"text": "ВЫ ВЫИГРАЛИ",
						"enable-bbcode": true,
						"font": "Arial",
						"size": 12,
						"line-height": 0,
						"bold": false,
						"italic": false,
						"color": [
							0,
							0,
							0,
							1
						],
						"horizontal-alignment": "left",
						"vertical-alignment": "top",
						"wrapping": "word",
						"initially-visible": true,
						"origin": "top-left"
					},
					"uid": 14,
					"instanceVariables": {},
					"behaviors": {},
					"world": {
						"x": 1650,
						"y": -285,
						"width": 896,
						"height": 321,
						"originX": 0,
						"originY": 0,
						"color": [
							1,
							1,
							1,
							1
						],
						"angle": 0,
						"zElevation": 0
					}
				},
				{
					"type": "Текст3",
					"properties": {
						"text": "спавнь бенов и не дай котам дойти до твоего дома",
						"enable-bbcode": true,
						"font": "Arial",
						"size": 12,
						"line-height": 0,
						"bold": false,
						"italic": false,
						"color": [
							0,
							0,
							0,
							1
						],
						"horizontal-alignment": "left",
						"vertical-alignment": "top",
						"wrapping": "word",
						"initially-visible": true,
						"origin": "top-left"
					},
					"uid": 15,
					"instanceVariables": {},
					"behaviors": {},
					"world": {
						"x": 506,
						"y": 146,
						"width": 452,
						"height": 30,
						"originX": 0,
						"originY": 0,
						"color": [
							1,
							1,
							1,
							1
						],
						"angle": 0,
						"zElevation": 0
					}
				}
			],
			"sid": 293253842094658,
			"effectTypes": [],
			"isInitiallyVisible": true,
			"isInitiallyInteractive": true,
			"color": [
				1,
				1,
				1,
				1
			],
			"backgroundColor": [
				1,
				1,
				1,
				1
			],
			"isTransparent": false,
			"parallaxX": 1,
			"parallaxY": 1,
			"scaleRate": 1,
			"forceOwnTexture": false,
			"renderingMode": "3d",
			"drawOrder": "z-order",
			"useRenderCells": false,
			"blendMode": "normal",
			"zElevation": 0,
			"global": false
		}
	],
	"sid": 792212849252345,
	"nonworld-instances": [],
	"effectTypes": [],
	"width": 3960,
	"height": 300,
	"unboundedScrolling": false,
	"vpX": 0.5,
	"vpY": 0.5,
	"projection": "perspective",
	"eventSheet": "Список событий 1"
}