{
	"name": "Спрайт5",
	"plugin-id": "Sprite",
	"sid": 561285094467316,
	"isGlobal": false,
	"instanceVariables": [],
	"behaviorTypes": [
		{
			"behaviorId": "custom",
			"name": "НастраиваемоеДвижение",
			"sid": 263532637814119
		},
		{
			"behaviorId": "MoveTo",
			"name": "ДвижениеК",
			"sid": 320550196191620
		}
	],
	"effectTypes": [],
	"animations": {
		"items": [
			{
				"frames": [
					{
						"width": 800,
						"height": 800,
						"originX": 0.5,
						"originY": 0.5,
						"originalSource": "",
						"exportFormat": "png",
						"exportQuality": 0.8,
						"imageSpriteId": 6037298,
						"collisionPoly": {
							"points": [
								0,
								0,
								0.5,
								0,
								0.99875,
								0,
								0.99875,
								0.5,
								0.99875,
								0.99875,
								0.5,
								0.99875,
								0,
								0.99875,
								0,
								0.5
							]
						},
						"useCollisionPoly": true,
						"duration": 1
					}
				],
				"sid": 416316089860960,
				"name": "Animation 1",
				"isLooping": false,
				"isPingPong": false,
				"repeatCount": 1,
				"repeatTo": 0,
				"speed": 5
			}
		],
		"subfolders": []
	}
}