{
	"name": "Спрайт",
	"plugin-id": "Sprite",
	"sid": 470944954707099,
	"isGlobal": false,
	"instanceVariables": [],
	"behaviorTypes": [
		{
			"behaviorId": "shadowcaster",
			"name": "Тень",
			"sid": 316810156736790
		}
	],
	"effectTypes": [],
	"animations": {
		"items": [
			{
				"frames": [
					{
						"width": 600,
						"height": 450,
						"originX": 0.5,
						"originY": 0.5,
						"originalSource": "",
						"exportFormat": "png",
						"exportQuality": 0.8,
						"imageSpriteId": 6641761,
						"collisionPoly": {
							"points": [
								0,
								0,
								0.5,
								0,
								0.9983333333333333,
								0,
								0.9983333333333333,
								0.5,
								0.9983333333333333,
								0.9977777777777778,
								0.5,
								0.9977777777777778,
								0,
								0.9977777777777778,
								0,
								0.5
							]
						},
						"useCollisionPoly": true,
						"duration": 1
					}
				],
				"sid": 166159265602502,
				"name": "Animation 1",
				"isLooping": false,
				"isPingPong": false,
				"repeatCount": 1,
				"repeatTo": 0,
				"speed": 5
			}
		],
		"subfolders": []
	}
}