{
	"name": "Спрайт8",
	"plugin-id": "Sprite",
	"sid": 795582850882974,
	"isGlobal": false,
	"instanceVariables": [],
	"behaviorTypes": [
		{
			"behaviorId": "custom",
			"name": "НастраиваемоеДвижение",
			"sid": 968805365555166
		},
		{
			"behaviorId": "MoveTo",
			"name": "ДвижениеК",
			"sid": 780696969422727
		}
	],
	"effectTypes": [],
	"animations": {
		"items": [
			{
				"frames": [
					{
						"width": 310,
						"height": 310,
						"originX": 0.5,
						"originY": 0.5,
						"originalSource": "",
						"exportFormat": "png",
						"exportQuality": 0.8,
						"imageSpriteId": 875208,
						"collisionPoly": {
							"points": [
								0.3967741935483871,
								0.3967741935483871,
								0.5,
								0.05161290322580645,
								0.5709677419354838,
								0.4258064516129032,
								0.5741935483870968,
								0.5,
								0.5548387096774193,
								0.5548387096774193,
								0.5,
								0.9806451612903225,
								0.3096774193548387,
								0.6870967741935484,
								0.3193548387096774,
								0.5
							]
						},
						"useCollisionPoly": true,
						"duration": 1
					}
				],
				"sid": 551976956234856,
				"name": "Animation 1",
				"isLooping": false,
				"isPingPong": false,
				"repeatCount": 1,
				"repeatTo": 0,
				"speed": 5
			}
		],
		"subfolders": []
	}
}