{
	"name": "Спрайт4",
	"plugin-id": "Sprite",
	"sid": 496979152649129,
	"isGlobal": false,
	"instanceVariables": [],
	"behaviorTypes": [],
	"effectTypes": [],
	"animations": {
		"items": [
			{
				"frames": [
					{
						"width": 279,
						"height": 180,
						"originX": 0.5,
						"originY": 0.5,
						"originalSource": "",
						"exportFormat": "png",
						"exportQuality": 0.8,
						"imageSpriteId": 8185094,
						"collisionPoly": {
							"points": [
								0,
								0,
								0.5,
								0,
								0.996415770609319,
								0,
								0.996415770609319,
								0.5,
								0.996415770609319,
								0.9944444444444445,
								0.5,
								0.9944444444444445,
								0,
								0.9944444444444445,
								0,
								0.5
							]
						},
						"useCollisionPoly": true,
						"duration": 1
					}
				],
				"sid": 524082110975710,
				"name": "Animation 1",
				"isLooping": false,
				"isPingPong": false,
				"repeatCount": 1,
				"repeatTo": 0,
				"speed": 5
			}
		],
		"subfolders": []
	}
}