{
	"name": "Б10",
	"plugin-id": "Sprite",
	"sid": 325223829346493,
	"isGlobal": false,
	"instanceVariables": [],
	"behaviorTypes": [],
	"effectTypes": [],
	"animations": {
		"items": [
			{
				"frames": [
					{
						"width": 800,
						"height": 800,
						"originX": 0.5,
						"originY": 0.5,
						"originalSource": "",
						"exportFormat": "png",
						"exportQuality": 0.8,
						"imageSpriteId": 5573844,
						"collisionPoly": {
							"points": [
								0,
								0,
								0.5,
								0,
								0.99875,
								0,
								0.99875,
								0.5,
								0.99875,
								0.99875,
								0.5,
								0.99875,
								0,
								0.99875,
								0,
								0.5
							]
						},
						"useCollisionPoly": true,
						"duration": 1
					}
				],
				"sid": 773196793435177,
				"name": "Animation 1",
				"isLooping": false,
				"isPingPong": false,
				"repeatCount": 1,
				"repeatTo": 0,
				"speed": 5
			}
		],
		"subfolders": []
	}
}