{
	"name": "Спрайт9",
	"plugin-id": "Sprite",
	"sid": 514744749368745,
	"isGlobal": false,
	"instanceVariables": [],
	"behaviorTypes": [
		{
			"behaviorId": "MoveTo",
			"name": "ДвижениеК",
			"sid": 795929275200296
		}
	],
	"effectTypes": [],
	"animations": {
		"items": [
			{
				"frames": [
					{
						"width": 1280,
						"height": 720,
						"originX": 0.5,
						"originY": 0.5,
						"originalSource": "",
						"exportFormat": "png",
						"exportQuality": 0.8,
						"imageSpriteId": 9850472,
						"collisionPoly": {
							"points": [
								0,
								0,
								0.5,
								0,
								0.99921875,
								0,
								0.99921875,
								0.5,
								0.99921875,
								0.9986111111111111,
								0.5,
								0.9986111111111111,
								0,
								0.9986111111111111,
								0,
								0.5
							]
						},
						"useCollisionPoly": true,
						"duration": 1
					}
				],
				"sid": 813848025089110,
				"name": "Animation 1",
				"isLooping": false,
				"isPingPong": false,
				"repeatCount": 1,
				"repeatTo": 0,
				"speed": 5
			}
		],
		"subfolders": []
	}
}