{
	"name": "Спрайт6",
	"plugin-id": "Sprite",
	"sid": 440480062051090,
	"isGlobal": false,
	"instanceVariables": [],
	"behaviorTypes": [
		{
			"behaviorId": "custom",
			"name": "НастраиваемоеДвижение",
			"sid": 575651616182270
		},
		{
			"behaviorId": "MoveTo",
			"name": "ДвижениеК",
			"sid": 551702217797973
		}
	],
	"effectTypes": [],
	"animations": {
		"items": [
			{
				"frames": [
					{
						"width": 480,
						"height": 800,
						"originX": 0.5,
						"originY": 0.5,
						"originalSource": "",
						"exportFormat": "png",
						"exportQuality": 0.8,
						"imageSpriteId": 1776113,
						"collisionPoly": {
							"points": [
								0,
								0,
								0.5,
								0,
								0.9979166666666667,
								0,
								0.9979166666666667,
								0.5,
								0.9979166666666667,
								0.99875,
								0.5,
								0.99875,
								0,
								0.99875,
								0,
								0.5
							]
						},
						"useCollisionPoly": true,
						"duration": 1
					}
				],
				"sid": 532200700105397,
				"name": "Animation 1",
				"isLooping": false,
				"isPingPong": false,
				"repeatCount": 1,
				"repeatTo": 0,
				"speed": 5
			}
		],
		"subfolders": []
	}
}