{
	"name": "Спрайт7",
	"plugin-id": "Sprite",
	"sid": 247247789498053,
	"isGlobal": false,
	"instanceVariables": [],
	"behaviorTypes": [],
	"effectTypes": [],
	"animations": {
		"items": [
			{
				"frames": [
					{
						"width": 1023,
						"height": 429,
						"originX": 0.5,
						"originY": 0.5,
						"originalSource": "",
						"exportFormat": "png",
						"exportQuality": 0.8,
						"imageSpriteId": 6462249,
						"collisionPoly": {
							"points": [
								0,
								0,
								0.5,
								0,
								0.9990224828934506,
								0,
								0.9990224828934506,
								0.5,
								0.9990224828934506,
								0.9976689976689976,
								0.5,
								0.9976689976689976,
								0,
								0.9976689976689976,
								0,
								0.5
							]
						},
						"useCollisionPoly": true,
						"duration": 1
					}
				],
				"sid": 377268029843792,
				"name": "Animation 1",
				"isLooping": false,
				"isPingPong": false,
				"repeatCount": 1,
				"repeatTo": 0,
				"speed": 5
			}
		],
		"subfolders": []
	}
}