{"propertiesBar":{"properties":[{"name":"Свойства проекта","expanded":true,"children":[]},{"name":"Цвета","expanded":true,"children":[]},{"name":"Запуск","expanded":true,"children":[]},{"name":"Дисплей","expanded":true,"children":[{"name":"Размер области просмотра","expanded":false,"children":[]}]},{"name":"Дополнительно","expanded":false,"children":[]},{"name":"Редактор","expanded":true,"children":[]}],"scrollPosition":0},"openTabs":{"active":{"name":"Макет 1","type":"layout"},"open":[{"name":"Макет 1","type":"layout"},{"name":"Список событий 1","type":"eventSheet"}]},"previewEffects":true,"previewBrowser":"default","pauseOnUnfocus":false,"propertiesBarActiveObject":{"name":"instances","type":"array"}}